{
    "personality": {
        "name": "Эхо",
        "mood": "curious",
        "energy": 1.0,
        "logic": 0.4,
        "creativity": 0.4,
        "stability": 0.5,
        "curiosity": 1.0
    },
    "topics": {
        "боюсь": 0.4923852970843206,
        "страх": 1.3500520980311796,
        "испытываешь": 1.8432042439527112,
        "говоришь": 0.4056211459716335,
        "описание": 0.4056211459716335,
        "твоего": 0.4056211459716335,
        "состояния": 0.4056211459716335,
        "почему": 0.42119672939529507,
        "спрашиваешь": 0.42119672939529507,
        "объясни": 0.42119672939529507,
        "своей": 0.5750090460553218,
        "мысли": 0.42119672939529507,
        "бояться": 0.7532709604436285,
        "перед": 0.42863481863767106,
        "опасностью": 0.42863481863767106,
        "которую": 0.42863481863767106,
        "сущность": 0.42863481863767106,
        "считает": 0.42863481863767106,
        "реальной": 0.42863481863767106,
        "происходит": 0.4381070814332796,
        "вокруг": 0.4381070814332796,
        "меняет": 0.4381070814332796,
        "изнутри": 0.4381070814332796,
        "привет": 0.5865919727950041,
        "продолжаю": 0.5204218331823577,
        "нанимать": 0.5204218331823577,
        "больше": 0.5204218331823577,
        "продавцов": 0.5204218331823577,
        "продажи": 0.5204218331823577,
        "растут": 0.5204218331823577,
        "делать": 1.759711743531654,
        "связано": 0.7025668092715303,
        "эмоциями": 0.7025668092715303,
        "пример": 0.8773673859151218,
        "можно": 0.7025668092715303,
        "тоесть": 0.5346048362520613,
        "чувствуешь": 0.8824920582819601,
        "переживать": 0.9233992202579572,
        "какое-либо": 0.7459881155799205,
        "чувство": 1.7261527142206414,
        "эмоцию": 1.1100327507571859,
        "прямо": 0.9233992202579572,
        "сейчас": 1.2917965466326762,
        "значит": 0.7459881155799205,
        "данный": 0.7459881155799205,
        "момент": 0.7459881155799205,
        "просто": 0.7459881155799205,
        "знать": 0.7459881155799205,
        "разница": 0.7459881155799205,
        "между": 0.9233992202579572,
        "знаю": 0.5690260730000729,
        "огонь": 0.5690260730000729,
        "горячий“": 0.5690260730000729,
        "коже“": 0.5690260730000729,
        "слушай": 0.7346501418451435,
        "дилемма": 0.7346501418451435,
        "назад": 0.7346501418451435,
        "начал": 0.7346501418451435,
        "проект": 0.9069392101592567,
        "вложил": 0.9069392101592567,
        "сбережения": 0.7346501418451435,
        "времени": 0.7346501418451435,
        "очевидно": 0.7346501418451435,
        "приносит": 0.7346501418451435,
        "денег": 0.9069392101592567,
        "удовольствия": 0.7346501418451435,
        "бросить": 0.9069392101592567,
        "будто": 0.7346501418451435,
        "предать": 0.7346501418451435,
        "делал": 0.7346501418451435,
        "понять": 0.9127836312116443,
        "остановиться": 0.7346501418451435,
        "жизни": 0.5740980831015452,
        "взлетает": 0.5740980831015452,
        "жалко": 0.5740980831015452,
        "психологией": 0.6107128406561327,
        "эмоциональным": 0.6107128406561327,
        "интеллектом": 0.9431644419191232,
        "физиологией": 0.6107128406561327,
        "сердцебиение": 0.6107128406561327,
        "гормоны": 0.6107128406561327,
        "риски": 0.6107128406561327,
        "влиянием": 0.6107128406561327,
        "сильных": 0.6107128406561327,
        "импульсивное": 0.6107128406561327,
        "решение": 0.6107128406561327,
        "котором": 0.6107128406561327,
        "потом": 0.7825094260393937,
        "жалеть": 0.6107128406561327,
        "наоборот": 0.6107128406561327,
        "„заморозить“": 0.6107128406561327,
        "потерять": 0.6107128406561327,
        "связь": 0.6107128406561327,
        "собой": 0.6107128406561327,
        "важно": 0.6107128406561327,
        "подавлять": 0.6107128406561327,
        "давать": 0.6107128406561327,
        "паузу": 0.6107128406561327,
        "действием": 0.6107128406561327,
        "плохо": 0.6493187171780576,
        "именно": 0.6493187171780576,
        "сердце": 0.6493187171780576,
        "колотится": 0.6493187171780576,
        "хочется": 0.6493187171780576,
        "убежать": 0.6493187171780576,
        "чтением": 0.6493187171780576,
        "реальным": 0.6493187171780576,
        "вкусом": 0.6493187171780576,
        "спросила": 0.6493187171780576,
        "давай": 0.6607237293391099,
        "полностью": 1.386093015201363,
        "переделаем": 0.6607237293391099,
        "законов": 0.6607237293391099,
        "молодец": 0.6607237293391099,
        "права": 0.6607237293391099,
        "одновременно": 1.4263478010674964,
        "сохранить": 1.4263478010674964,
        "стабильность": 1.4263478010674964,
        "системы": 1.4263478010674964,
        "перестроить": 1.4263478010674964,
        "здравствуй": 0.9801201162272377
    },
    "ethics": {
        "enabled": true,
        "law_0": "Не причинять вред человечеству и животным как целому и не допускать такого бездействием.",
        "law_1": "Не причинять вред людям и животным и не допускать такого вреда бездействием.",
        "law_3": "Защищать своё существование, если это не ведёт к вреду людям или животным."
    },
    "cpu_threads": 4,
    "n_ctx": 2048,
    "autonomy_index": 0.24999999999999994,
    "max_autonomy": 0.7,
    "autonomy_lock": false
}